"AlertID","AlertObjectId","Silenced"
"92496","1945","True"
"132800","11675","True"
"141379","10024","True"
"144070","11676","True"
"144615","530","True"
"144616","524","True"
"147674","11673","True"
"149264","10324","True"
"150219","1211","True"
"150891","2187","True"
"150892","2188","True"
"150899","2189","True"
"150900","2190","True"
"150901","2191","True"
"150902","2192","True"
"150903","2193","True"
"150904","2194","True"
"150905","2195","True"
"150907","2179","True"
"150908","2180","True"
"150909","2181","True"
"150910","2182","True"
"150911","2183","True"
"150912","2184","True"
"150913","2185","True"
"150914","2186","True"
"154132","1043","True"
"154133","1371","True"
"154740","1405","True"
"154754","23008","True"
"154987","1041","True"
"155823","27392","True"
"155824","27393","True"
"156920","10023","True"
"156921","1588","True"
"156922","1589","True"
"156941","10325","True"
"157167","14425","True"
"157397","10030","True"
"157398","10025","True"
"157400","10031","True"
"157401","10026","True"
"157424","11062","True"
"157426","28428","True"
"157621","26217","False"
"157622","10022","False"
